{
  "rtime": {
    "sum": 42.77852725982666,
    "avg": 3.290655943063589,
    "min": 1.7670509815216064,
    "p10": 1.782168984413147,
    "median": 3.568959951400757,
    "p75": 4.626855134963989,
    "max": 4.6800220012664795,
    "count": 13
  },
  "utime": {
    "sum": 16.582987,
    "avg": 1.2756143846153845,
    "min": 0.8015749999999999,
    "p10": 1.222935,
    "median": 1.27467,
    "p75": 1.360822,
    "max": 1.437659,
    "count": 13
  },
  "stime": {
    "sum": 1.45965,
    "avg": 0.11228076923076923,
    "min": 0.072917,
    "p10": 0.11221400000000001,
    "median": 0.11371800000000001,
    "p75": 0.117378,
    "max": 0.12032899999999999,
    "count": 13
  },
  "cutime": {
    "sum": 12.332086000000002,
    "avg": 0.9486220000000002,
    "min": 0.556027,
    "p10": 0.8821369999999999,
    "median": 0.927128,
    "p75": 0.951396,
    "max": 1.6206990000000001,
    "count": 13
  },
  "cstime": {
    "sum": 1.909843,
    "avg": 0.14691099999999999,
    "min": 0.107415,
    "p10": 0.1087365,
    "median": 0.151452,
    "p75": 0.154537,
    "max": 0.307017,
    "count": 13
  },
  "minor_gb": {
    "sum": 7.215496115386486,
    "avg": 0.5550381627220374,
    "min": 0.4576278552412987,
    "p10": 0.5329612642526627,
    "median": 0.5601860135793686,
    "p75": 0.5672900527715683,
    "max": 0.6253646239638329,
    "count": 13
  },
  "promoted_gb": {
    "sum": 0.8386982083320618,
    "avg": 0.06451524679477398,
    "min": 0.046645596623420715,
    "p10": 0.06458231434226036,
    "median": 0.06598594784736633,
    "p75": 0.06632215529680252,
    "max": 0.06850063055753708,
    "count": 13
  },
  "major_gb": {
    "sum": 0.8478509560227394,
    "avg": 0.06521930430944149,
    "min": 0.047219254076480865,
    "p10": 0.06529346108436584,
    "median": 0.06669808179140091,
    "p75": 0.06703490763902664,
    "max": 0.06924819201231003,
    "count": 13
  },
  "allocated_gb": {
    "sum": 7.224648863077164,
    "avg": 0.5557422202367049,
    "min": 0.4582015126943588,
    "p10": 0.5336724109947681,
    "median": 0.5608983263373375,
    "p75": 0.5680028051137924,
    "max": 0.6261121854186058,
    "count": 13
  },
  "minor_collections": {
    "sum": 2037.0,
    "avg": 156.69230769230768,
    "min": 144.0,
    "p10": 153.0,
    "median": 158.0,
    "p75": 159.0,
    "max": 166.0,
    "count": 13
  },
  "major_collections": {
    "sum": 80.0,
    "avg": 6.153846153846154,
    "min": 6.0,
    "p10": 6.0,
    "median": 6.0,
    "p75": 6.0,
    "max": 7.0,
    "count": 13
  },
  "compactions": {
    "sum": 0.0,
    "avg": 0.0,
    "min": 0.0,
    "p10": 0.0,
    "median": 0.0,
    "p75": 0.0,
    "max": 0.0,
    "count": 13
  },
  "top_heap_gb": {
    "sum": 0.8818283081054688,
    "avg": 0.06783294677734375,
    "min": 0.05226898193359375,
    "p10": 0.06912994384765625,
    "median": 0.06912994384765625,
    "p75": 0.06912994384765625,
    "max": 0.06912994384765625,
    "count": 13
  },
  "stack_kb": {
    "sum": 4.7734375,
    "avg": 0.3671875,
    "min": 0.3671875,
    "p10": 0.3671875,
    "median": 0.3671875,
    "p75": 0.3671875,
    "max": 0.3671875,
    "count": 13
  },
  "minor_heap_kb": {
    "sum": 106496.0,
    "avg": 8192.0,
    "min": 8192.0,
    "p10": 8192.0,
    "median": 8192.0,
    "p75": 8192.0,
    "max": 8192.0,
    "count": 13
  },
  "attributes_table": {
    "num_bindings": {
      "sum": 0.0,
      "avg": 0.0,
      "min": 0.0,
      "p10": 0.0,
      "median": 0.0,
      "p75": 0.0,
      "max": 0.0,
      "count": 13
    },
    "num_buckets": {
      "sum": 208.0,
      "avg": 16.0,
      "min": 16.0,
      "p10": 16.0,
      "median": 16.0,
      "p75": 16.0,
      "max": 16.0,
      "count": 13
    },
    "max_bucket_length": {
      "sum": 0.0,
      "avg": 0.0,
      "min": 0.0,
      "p10": 0.0,
      "median": 0.0,
      "p75": 0.0,
      "max": 0.0,
      "count": 13
    }
  }
}