{
  "rtime": 1.7678859233856201,
  "utime": 1.240273,
  "stime": 0.11161900000000001,
  "cutime": 0.887194,
  "cstime": 0.107415,
  "minor_gb": 0.5470123216509819,
  "promoted_gb": 0.06551533192396164,
  "major_gb": 0.06622691452503204,
  "allocated_gb": 0.5477239042520523,
  "minor_collections": 156,
  "major_collections": 6,
  "compactions": 0,
  "top_heap_gb": 0.06912994384765625,
  "stack_kb": 0.3671875,
  "minor_heap_kb": 8192.0,
  "attributes_table": {
    "num_bindings": 0,
    "num_buckets": 16,
    "max_bucket_length": 0
  }
}