{
  "rtime": 1.7670509815216064,
  "utime": 1.24328,
  "stime": 0.115045,
  "cutime": 0.880255,
  "cstime": 0.110263,
  "minor_gb": 0.5378453731536865,
  "promoted_gb": 0.06514762341976166,
  "major_gb": 0.06585916131734848,
  "allocated_gb": 0.5385569110512733,
  "minor_collections": 154,
  "major_collections": 6,
  "compactions": 0,
  "top_heap_gb": 0.06912994384765625,
  "stack_kb": 0.3671875,
  "minor_heap_kb": 8192.0,
  "attributes_table": {
    "num_bindings": 0,
    "num_buckets": 16,
    "max_bucket_length": 0
  }
}