{
  "rtime": 3.568959951400757,
  "utime": 1.205597,
  "stime": 0.11549200000000001,
  "cutime": 1.6206990000000001,
  "cstime": 0.307017,
  "minor_gb": 0.6253646239638329,
  "promoted_gb": 0.06850063055753708,
  "major_gb": 0.06924819201231003,
  "allocated_gb": 0.6261121854186058,
  "minor_collections": 166,
  "major_collections": 7,
  "compactions": 0,
  "top_heap_gb": 0.06912994384765625,
  "stack_kb": 0.3671875,
  "minor_heap_kb": 8192.0,
  "attributes_table": {
    "num_bindings": 0,
    "num_buckets": 16,
    "max_bucket_length": 0
  }
}