{
  "rtime": 4.6800220012664795,
  "utime": 1.356742,
  "stime": 0.113269,
  "cutime": 1.005527,
  "cstime": 0.153607,
  "minor_gb": 0.5757201686501503,
  "promoted_gb": 0.0661805048584938,
  "major_gb": 0.06689275801181793,
  "allocated_gb": 0.5764324218034744,
  "minor_collections": 159,
  "major_collections": 6,
  "compactions": 0,
  "top_heap_gb": 0.06912994384765625,
  "stack_kb": 0.3671875,
  "minor_heap_kb": 8192.0,
  "attributes_table": {
    "num_bindings": 0,
    "num_buckets": 16,
    "max_bucket_length": 0
  }
}