{
  "rtime": 1.7964520454406738,
  "utime": 1.27467,
  "stime": 0.117378,
  "cutime": 0.884348,
  "cstime": 0.108434,
  "minor_gb": 0.5601860135793686,
  "promoted_gb": 0.06599047034978867,
  "major_gb": 0.06670278310775757,
  "allocated_gb": 0.5608983263373375,
  "minor_collections": 158,
  "major_collections": 6,
  "compactions": 0,
  "top_heap_gb": 0.06912994384765625,
  "stack_kb": 0.3671875,
  "minor_heap_kb": 8192.0,
  "attributes_table": {
    "num_bindings": 0,
    "num_buckets": 16,
    "max_bucket_length": 0
  }
}