{
  "rtime": 2.4167120456695557,
  "utime": 0.8015749999999999,
  "stime": 0.072917,
  "cutime": 0.556027,
  "cstime": 0.132548,
  "minor_gb": 0.4576278552412987,
  "promoted_gb": 0.046645596623420715,
  "major_gb": 0.047219254076480865,
  "allocated_gb": 0.4582015126943588,
  "minor_collections": 144,
  "major_collections": 6,
  "compactions": 0,
  "top_heap_gb": 0.05226898193359375,
  "stack_kb": 0.3671875,
  "minor_heap_kb": 8192.0,
  "attributes_table": {
    "num_bindings": 0,
    "num_buckets": 16,
    "max_bucket_length": 0
  }
}