{
  "rtime": 19.967055797576904,
  "utime": 0.315358,
  "stime": 0.040892,
  "cutime": 45.7858,
  "cstime": 6.582264,
  "minor_gb": 0.32501425594091415,
  "promoted_gb": 0.002917088568210602,
  "major_gb": 0.0049674734473228455,
  "allocated_gb": 0.3270646408200264,
  "minor_collections": 166,
  "major_collections": 2,
  "compactions": 0,
  "top_heap_gb": 0.00484466552734375,
  "stack_kb": 0.3671875,
  "minor_heap_kb": 8192.0,
  "attributes_table": {
    "num_bindings": 0,
    "num_buckets": 16,
    "max_bucket_length": 0
  }
}