{
  "rtime": {
    "sum": 14.12406873703003,
    "avg": 1.086466825925387,
    "min": 0.4651830196380615,
    "p10": 0.48307597637176514,
    "median": 0.7337250709533691,
    "p75": 0.7765231132507324,
    "max": 6.108579158782959,
    "count": 13
  },
  "utime": {
    "sum": 13.411641000000001,
    "avg": 1.0316646923076924,
    "min": 0.43067,
    "p10": 0.44488950000000005,
    "median": 0.658636,
    "p75": 0.721819,
    "max": 6.039573000000001,
    "count": 13
  },
  "stime": {
    "sum": 0.3437299999999999,
    "avg": 0.026440769230769226,
    "min": 0.009794000000000001,
    "p10": 0.012166000000000001,
    "median": 0.026395000000000002,
    "p75": 0.036398,
    "max": 0.042636,
    "count": 13
  },
  "cutime": {
    "sum": 0.029928000000000003,
    "avg": 0.0023021538461538466,
    "min": 0.002179,
    "p10": 0.002193,
    "median": 0.002252,
    "p75": 0.002381,
    "max": 0.002444,
    "count": 13
  },
  "cstime": {
    "sum": 0.038216,
    "avg": 0.0029396923076923077,
    "min": 0.00272,
    "p10": 0.002807,
    "median": 0.002963,
    "p75": 0.003026,
    "max": 0.003099,
    "count": 13
  },
  "minor_gb": {
    "sum": 20.220928952097893,
    "avg": 1.5554560732382994,
    "min": 0.25857844948768616,
    "p10": 0.2793669290840626,
    "median": 0.748394638299942,
    "p75": 0.9907511025667191,
    "max": 12.433345787227154,
    "count": 13
  },
  "promoted_gb": {
    "sum": 0.1200147271156311,
    "avg": 0.009231902085817777,
    "min": 0.002654552459716797,
    "p10": 0.0032727234065532684,
    "median": 0.005890175700187683,
    "p75": 0.006442718207836151,
    "max": 0.05794092267751694,
    "count": 13
  },
  "major_gb": {
    "sum": 0.14549842476844788,
    "avg": 0.011192186520649837,
    "min": 0.0040461719036102295,
    "p10": 0.004955213516950607,
    "median": 0.007928803563117981,
    "p75": 0.008496753871440887,
    "max": 0.059861116111278534,
    "count": 13
  },
  "allocated_gb": {
    "sum": 20.24641264975071,
    "avg": 1.5574163576731315,
    "min": 0.2600993886590004,
    "p10": 0.2809847593307495,
    "median": 0.7504332661628723,
    "p75": 0.993012972176075,
    "max": 12.435265980660915,
    "count": 13
  },
  "minor_collections": {
    "sum": 3866.0,
    "avg": 297.38461538461536,
    "min": 131.0,
    "p10": 134.0,
    "median": 194.0,
    "p75": 225.0,
    "max": 1690.0,
    "count": 13
  },
  "major_collections": {
    "sum": 63.0,
    "avg": 4.846153846153846,
    "min": 2.0,
    "p10": 2.5,
    "median": 4.0,
    "p75": 4.0,
    "max": 22.0,
    "count": 13
  },
  "compactions": {
    "sum": 0.0,
    "avg": 0.0,
    "min": 0.0,
    "p10": 0.0,
    "median": 0.0,
    "p75": 0.0,
    "max": 0.0,
    "count": 13
  },
  "top_heap_gb": {
    "sum": 0.09900283813476562,
    "avg": 0.00761560293344351,
    "min": 0.006069183349609375,
    "p10": 0.0063266754150390625,
    "median": 0.007389068603515625,
    "p75": 0.0085296630859375,
    "max": 0.00991058349609375,
    "count": 13
  },
  "stack_kb": {
    "sum": 4.7734375,
    "avg": 0.3671875,
    "min": 0.3671875,
    "p10": 0.3671875,
    "median": 0.3671875,
    "p75": 0.3671875,
    "max": 0.3671875,
    "count": 13
  },
  "minor_heap_kb": {
    "sum": 106496.0,
    "avg": 8192.0,
    "min": 8192.0,
    "p10": 8192.0,
    "median": 8192.0,
    "p75": 8192.0,
    "max": 8192.0,
    "count": 13
  },
  "attributes_table": {
    "num_bindings": {
      "sum": 238.0,
      "avg": 18.307692307692307,
      "min": 2.0,
      "p10": 4.5,
      "median": 22.0,
      "p75": 28.0,
      "max": 30.0,
      "count": 13
    },
    "num_buckets": {
      "sum": 208.0,
      "avg": 16.0,
      "min": 16.0,
      "p10": 16.0,
      "median": 16.0,
      "p75": 16.0,
      "max": 16.0,
      "count": 13
    },
    "max_bucket_length": {
      "sum": 44.0,
      "avg": 3.3846153846153846,
      "min": 1.0,
      "p10": 1.5,
      "median": 3.0,
      "p75": 5.0,
      "max": 6.0,
      "count": 13
    }
  }
}