{
  "rtime": 0.8389050960540771,
  "utime": 0.780543,
  "stime": 0.036398,
  "cutime": 0.002444,
  "cstime": 0.003092,
  "minor_gb": 1.0838234350085258,
  "promoted_gb": 0.0067853257060050964,
  "major_gb": 0.008870884776115417,
  "allocated_gb": 1.0859089940786362,
  "minor_collections": 237,
  "major_collections": 4,
  "compactions": 0,
  "top_heap_gb": 0.00850677490234375,
  "stack_kb": 0.3671875,
  "minor_heap_kb": 8192.0,
  "attributes_table": {
    "num_bindings": 29,
    "num_buckets": 16,
    "max_bucket_length": 5
  }
}