{
  "rtime": 0.4657001495361328,
  "utime": 0.43164100000000005,
  "stime": 0.010341000000000001,
  "cutime": 0.002236,
  "cstime": 0.002901,
  "minor_gb": 0.25929756462574005,
  "promoted_gb": 0.002654552459716797,
  "major_gb": 0.0040461719036102295,
  "allocated_gb": 0.2606891840696335,
  "minor_collections": 131,
  "major_collections": 2,
  "compactions": 0,
  "top_heap_gb": 0.006069183349609375,
  "stack_kb": 0.3671875,
  "minor_heap_kb": 8192.0,
  "attributes_table": {
    "num_bindings": 2,
    "num_buckets": 16,
    "max_bucket_length": 1
  }
}