{
  "rtime": 0.5582370758056641,
  "utime": 0.509148,
  "stime": 0.013991000000000002,
  "cutime": 0.002252,
  "cstime": 0.003026,
  "minor_gb": 0.40118007361888885,
  "promoted_gb": 0.004285819828510284,
  "major_gb": 0.006117045879364014,
  "allocated_gb": 0.4030112996697426,
  "minor_collections": 150,
  "major_collections": 3,
  "compactions": 0,
  "top_heap_gb": 0.006359100341796875,
  "stack_kb": 0.3671875,
  "minor_heap_kb": 8192.0,
  "attributes_table": {
    "num_bindings": 6,
    "num_buckets": 16,
    "max_bucket_length": 2
  }
}