{
  "rtime": 0.5262861251831055,
  "utime": 0.47949400000000003,
  "stime": 0.020834,
  "cutime": 0.002245,
  "cstime": 0.002842,
  "minor_gb": 0.3279504105448723,
  "promoted_gb": 0.004012361168861389,
  "major_gb": 0.0060675740242004395,
  "allocated_gb": 0.33000562340021133,
  "minor_collections": 140,
  "major_collections": 3,
  "compactions": 0,
  "top_heap_gb": 0.006443023681640625,
  "stack_kb": 0.3671875,
  "minor_heap_kb": 8192.0,
  "attributes_table": {
    "num_bindings": 12,
    "num_buckets": 16,
    "max_bucket_length": 3
  }
}