{
  "rtime": 0.7645399570465088,
  "utime": 0.721819,
  "stime": 0.028404000000000002,
  "cutime": 0.002381,
  "cstime": 0.003047,
  "minor_gb": 0.9270407184958458,
  "promoted_gb": 0.006442718207836151,
  "major_gb": 0.008496753871440887,
  "allocated_gb": 0.9290947541594505,
  "minor_collections": 217,
  "major_collections": 4,
  "compactions": 0,
  "top_heap_gb": 0.008518218994140625,
  "stack_kb": 0.3671875,
  "minor_heap_kb": 8192.0,
  "attributes_table": {
    "num_bindings": 22,
    "num_buckets": 16,
    "max_bucket_length": 3
  }
}