{
  "rtime": 19.96745991706848,
  "utime": 0.315465,
  "stime": 0.041187,
  "cutime": 45.7858,
  "cstime": 6.582264,
  "minor_gb": 0.32509759068489075,
  "promoted_gb": 0.002917088568210602,
  "major_gb": 0.004967495799064636,
  "allocated_gb": 0.3271479979157448,
  "minor_collections": 166,
  "major_collections": 2,
  "compactions": 0,
  "top_heap_gb": 0.00484466552734375,
  "stack_kb": 0.3671875,
  "minor_heap_kb": 8192.0,
  "attributes_table": {
    "num_bindings": 0,
    "num_buckets": 16,
    "max_bucket_length": 0
  }
}