{
  "rtime": 0.5004518032073975,
  "utime": 0.458138,
  "stime": 0.015715,
  "cutime": 0.002183,
  "cstime": 0.002943,
  "minor_gb": 0.2994362935423851,
  "promoted_gb": 0.00389089435338974,
  "major_gb": 0.005734935402870178,
  "allocated_gb": 0.30128033459186554,
  "minor_collections": 137,
  "major_collections": 3,
  "compactions": 0,
  "top_heap_gb": 0.0063934326171875,
  "stack_kb": 0.3671875,
  "minor_heap_kb": 8192.0,
  "attributes_table": {
    "num_bindings": 10,
    "num_buckets": 16,
    "max_bucket_length": 2
  }
}