{
  "rtime": 0.7337250709533691,
  "utime": 0.658636,
  "stime": 0.024870000000000003,
  "cutime": 0.002336,
  "cstime": 0.00272,
  "minor_gb": 0.6787306815385818,
  "promoted_gb": 0.005632959306240082,
  "major_gb": 0.007718674838542938,
  "allocated_gb": 0.6808163970708847,
  "minor_collections": 185,
  "major_collections": 4,
  "compactions": 0,
  "top_heap_gb": 0.007389068603515625,
  "stack_kb": 0.3671875,
  "minor_heap_kb": 8192.0,
  "attributes_table": {
    "num_bindings": 16,
    "num_buckets": 16,
    "max_bucket_length": 3
  }
}